user_id,name,age,membership_type
U1,Curtis Zamora,50,Premium
U2,Deanna Smith,35,Pro
U3,Kevin Pitts,19,Premium
U4,Amanda Jones,46,Premium
U5,Mary Moran,54,Pro
U6,David Wilson,20,Pro
U7,William Orozco,54,Basic
U8,Rachel Dickson,52,Premium
U9,Madeline Pena,51,Basic
U10,Michelle Ward,58,Pro
U11,Jordan Pierce,61,Pro
U12,Susan Gonzalez DVM,57,Pro
U13,Leslie Brandt,59,Basic
U14,Andre Bray,44,Premium
U15,Jennifer Smith,19,Pro
U16,Aaron Potter,50,Basic
U17,Robert Williamson,27,Pro
U18,Janet Bishop,27,Pro
U19,Laura Mora,32,Pro
U20,Richard Jackson,28,Pro
U21,Evan Adams,29,Premium
U22,Nancy Smith,43,Basic
U23,Caitlin Blackwell,69,Premium
U24,Stephanie Hurley,35,Basic
U25,Shane Davis,53,Pro
U26,Wendy Hess,32,Pro
U27,David Cooke,40,Basic
U28,Randy Wiggins,62,Basic
U29,Jessica Juarez,23,Basic
U30,Jason Simon,42,Premium
U31,Melissa Bailey,36,Basic
U32,Jonathan Johnson,45,Pro
U33,Tricia Maldonado,57,Basic
U34,Morgan Pruitt,24,Premium
U35,Paul Reyes,18,Basic
U36,Douglas Carrillo,35,Premium
U37,Kevin Holland,63,Premium
U38,Jennifer Mccormick,60,Pro
U39,Cameron Lee,52,Premium
U40,Jerry Mcdonald,61,Basic
U41,Ian Morris,51,Pro
U42,Brittany Howard,59,Pro
U43,Scott Garcia,49,Premium
U44,Natalie Garcia,37,Pro
U45,Sherry Morse,68,Basic
U46,Fred Stone,54,Premium
U47,Madison Riley,70,Premium
U48,Shannon Hubbard,32,Basic
U49,Joshua Liu,40,Basic
U50,Susan Robinson DDS,23,Pro
U51,Anthony Williams,31,Pro
U52,Dr. Andrew King,53,Basic
U53,William Cook,40,Premium
U54,Shawn Schroeder,26,Basic
U55,Lisa Jacobs,49,Pro
U56,Brenda Stevens,70,Premium
U57,Kimberly Roman,24,Pro
U58,Angela Wheeler,39,Premium
U59,Linda Cook,32,Premium
U60,Elizabeth Williams,57,Basic
U61,Michael Strong,51,Pro
U62,Megan Miller,30,Pro
U63,Franklin Franklin,66,Pro
U64,Melissa Thomas,38,Premium
U65,Linda Perez,19,Pro
U66,Jennifer Zimmerman,37,Premium
U67,Claire Doyle,53,Pro
U68,Lindsay Moore,28,Premium
U69,Lauren Allen,18,Premium
U70,Robert Webster,61,Basic
U71,Johnny Reed,20,Premium
U72,Debra Hamilton,62,Premium
U73,Jennifer Woods,70,Premium
U74,Oscar Jackson,46,Pro
U75,Amy Koch,27,Premium
U76,Kendra Buck,56,Basic
U77,David Hayes,42,Basic
U78,Scott Watson,33,Premium
U79,Victoria Gonzales,21,Basic
U80,Brittany Jones,42,Pro
U81,Alyssa Lopez,18,Basic
U82,Angelica Parker,42,Pro
U83,Jacob Villanueva,46,Pro
U84,Christopher Snyder,43,Basic
U85,Nancy Grimes,58,Basic
U86,Dylan Jones,28,Basic
U87,Jonathan Moore,63,Pro
U88,Alicia Olson,65,Premium
U89,Tanya Perez,30,Premium
U90,Brian Cameron,58,Pro
U91,Sheena Montgomery,34,Basic
U92,Daniel Williams MD,63,Pro
U93,James Harvey,45,Basic
U94,Caroline Patrick,31,Pro
U95,Debra Williams,21,Premium
U96,Jacob Peters,63,Basic
U97,Eugene Myers,37,Basic
U98,Linda Warren,69,Pro
U99,Robert Coleman,29,Pro
U100,Lisa Key,27,Basic
U101,Angel Williams,33,Premium
U102,Debbie Newman,49,Premium
U103,Karen Sanchez DDS,58,Premium
U104,Thomas Leonard,46,Premium
U105,David Jones,30,Basic
U106,Catherine Rivera,63,Pro
U107,Dr. Jennifer Mendoza,29,Basic
U108,Sean Underwood,26,Pro
U109,Andrew Jones,48,Basic
U110,Hannah Green,29,Premium
U111,Kevin Bishop,30,Basic
U112,Darlene Bradford,49,Pro
U113,Jessica Sanders,27,Pro
U114,Cassandra Merritt,55,Pro
U115,Justin Murphy,69,Premium
U116,Eric Lynch,49,Basic
U117,Patrick Adkins,56,Pro
U118,Mary Thompson,42,Pro
U119,Kimberly Taylor,64,Premium
U120,Stephanie Wilson,51,Basic
U121,Tammy Johnson,36,Pro
U122,Alejandra Torres,50,Basic
U123,Amy Hines,43,Basic
U124,Herbert Berry,68,Basic
U125,Mary Braun,18,Premium
U126,Luis Woodard,20,Pro
U127,Theresa Rodriguez,57,Pro
U128,Kathryn Young,43,Premium
U129,Lori White,38,Basic
U130,Tonya Guerrero,63,Pro
U131,Amy Mitchell,59,Pro
U132,Ryan Robertson,32,Premium
U133,Mr. Nicholas Cooke,22,Basic
U134,Katie Henry,49,Pro
U135,Victor Wright,61,Premium
U136,William Gordon,61,Premium
U137,Stanley Rodriguez,38,Premium
U138,Patricia Hall,20,Basic
U139,Allen Knight,57,Basic
U140,Stephanie Robertson,43,Premium
U141,Ashley Fernandez,65,Premium
U142,Brittany Houston,36,Basic
U143,Gabriel Hawkins,35,Basic
U144,Mary Logan,55,Premium
U145,James Velez,23,Pro
U146,Rebecca Ross,68,Basic
U147,Rhonda Morris,20,Premium
U148,Samuel Charles,46,Premium
U149,Martin Cochran,48,Premium
U150,Patricia Tanner,26,Basic
U151,Gary Garcia,68,Premium
U152,Amanda Guerra,49,Premium
U153,Samantha Mcclure,59,Basic
U154,Scott Yang,23,Basic
U155,Paul Poole,33,Pro
U156,Andrea Wang,63,Pro
U157,James Flores,54,Pro
U158,Glenn Vargas,34,Premium
U159,James Kim,41,Basic
U160,Michael Mitchell,32,Basic
U161,Thomas Flores,30,Basic
U162,Matthew Kennedy,49,Premium
U163,Mrs. Melissa Mills,27,Pro
U164,Sarah Cabrera,58,Basic
U165,Veronica Vasquez MD,56,Premium
U166,William Melton,69,Pro
U167,Amy Ford,56,Pro
U168,Stacy Smith,42,Premium
U169,Alex Aguilar,20,Premium
U170,Bryan Jones,25,Premium
U171,Patrick Murray,28,Premium
U172,Kaylee Pittman,19,Premium
U173,Kimberly Clark,38,Pro
U174,Jessica Robinson,44,Premium
U175,Alexis Reyes,20,Basic
U176,Kevin Lopez,44,Basic
U177,Robert Miller,55,Pro
U178,Chelsea Doyle,23,Basic
U179,Dennis Henry,40,Premium
U180,Donna Hobbs,28,Pro
U181,Holly Ward,61,Basic
U182,Lindsey Flores,55,Pro
U183,Jessica Rodriguez,56,Basic
U184,Beth Harris,60,Premium
U185,Stephen Sanford,50,Pro
U186,Derek Clark,47,Pro
U187,Willie Hayden,44,Premium
U188,Joseph Price,24,Basic
U189,Tiffany Monroe,21,Premium
U190,Ronnie Hernandez,52,Premium
U191,Alyssa Hughes,18,Pro
U192,Maurice Montgomery,43,Premium
U193,Danielle Conway,39,Basic
U194,Diana Acevedo,25,Pro
U195,Jasmine Stephenson,20,Basic
U196,Frank Massey,29,Basic
U197,Melanie Lopez,41,Pro
U198,Tasha Santos,43,Basic
U199,Heather Peck,25,Basic
U200,Sharon Burns,69,Pro
U201,Anthony Arnold,57,Basic
U202,Brittany Castaneda,27,Premium
U203,Frank Todd,54,Pro
U204,Laura Brooks,57,Pro
U205,Gary Martinez,50,Pro
U206,Amy Gomez,46,Premium
U207,Jeremy Kim,37,Basic
U208,Matthew Oliver,62,Pro
U209,Andrea Jensen,27,Premium
U210,William Vaughn,56,Pro
U211,Joshua Brown,38,Pro
U212,Anna Bartlett,33,Pro
U213,Miguel Mitchell,54,Premium
U214,Kenneth Harris,32,Basic
U215,Kurt Rich,25,Basic
U216,Olivia Frank,19,Premium
U217,Grace Meyer,32,Pro
U218,Colleen Scott,54,Basic
U219,Stephanie Snow,60,Pro
U220,Patrick Michael,70,Premium
U221,Phillip Taylor,69,Basic
U222,Jose Johnson,20,Premium
U223,Joshua Taylor,69,Pro
U224,Danielle Roberts,41,Basic
U225,Mary Luna,39,Basic
U226,Lori Reed,61,Premium
U227,Andrew Mcgee,19,Basic
U228,Jennifer Deleon,43,Basic
U229,Mr. Paul Fields,18,Premium
U230,Ronald Price,50,Premium
U231,Christopher Tucker,38,Basic
U232,Mark Schmidt,35,Basic
U233,Daniel Campbell,54,Premium
U234,Misty Rodriguez,20,Pro
U235,Joseph Burnett,38,Basic
U236,Stephanie Suarez,33,Pro
U237,Ms. Alexis Powell,68,Pro
U238,Thomas Zavala,69,Basic
U239,Nicole Hoffman,59,Premium
U240,David Miller,23,Pro
U241,John Alvarez,67,Premium
U242,John Gibson,57,Pro
U243,Clayton Nelson,39,Pro
U244,Kimberly Robinson,66,Premium
U245,Brittany Mcconnell,61,Pro
U246,Angela Sandoval,56,Premium
U247,Michelle Sanders,56,Basic
U248,Melissa Shannon,34,Pro
U249,Julia Diaz,37,Pro
U250,Sean Henry,42,Pro
U251,Ryan Carroll,36,Premium
U252,Laurie Knight,45,Basic
U253,David Smith,18,Basic
U254,Steven Le,41,Basic
U255,Michael Miller,38,Pro
U256,Andrew Lynch,23,Pro
U257,Kelly Cole,27,Premium
U258,Lori Campbell,52,Pro
U259,Jason Brown,19,Basic
U260,Nicole Smith,33,Basic
U261,William White,66,Basic
U262,Ian Gibbs,65,Premium
U263,Michelle Garcia,18,Basic
U264,Isaac Greene,63,Premium
U265,Jerome Burgess,39,Pro
U266,Robert Pierce,49,Pro
U267,Angela Garcia MD,33,Premium
U268,Tracey Roberts,49,Premium
U269,Sarah Lara,59,Basic
U270,Lauren Clements,55,Pro
U271,Andrew Fuller,59,Basic
U272,Amy Warner,54,Pro
U273,Amy Clayton,69,Pro
U274,Kara Flores,65,Premium
U275,Teresa Hall,49,Basic
U276,James Bauer,24,Premium
U277,Steve Kline,49,Basic
U278,Mary Hammond,45,Premium
U279,Kristin Simmons,51,Premium
U280,Kenneth Neal,32,Premium
U281,Jasmine Kirk,32,Premium
U282,Morgan Peterson,52,Basic
U283,Haley Ward,44,Premium
U284,Linda Moreno,60,Premium
U285,Pamela Smith,33,Premium
U286,Robert Baker,60,Pro
U287,Wendy Jordan,24,Premium
U288,Jose Bailey,31,Pro
U289,Jason Warren,31,Premium
U290,Juan Johnson,51,Premium
U291,Thomas Reynolds,39,Pro
U292,Jesse Donovan,51,Pro
U293,Amy Walker,19,Basic
U294,Brian Johnson,56,Basic
U295,Donna Bradley,57,Premium
U296,Barbara Brown,22,Basic
U297,Francisco Cordova,27,Premium
U298,Chelsea Ellison,42,Premium
U299,Mark Taylor,35,Pro
U300,Nicole Stone,47,Premium
U301,Laura Barrett,37,Pro
U302,Matthew Church,25,Premium
U303,Ana Krause,44,Pro
U304,Michael Thomas,38,Basic
U305,James Lewis,68,Basic
U306,Carol Jefferson,62,Pro
U307,Jose Larson,25,Basic
U308,Francisco Parrish,69,Basic
U309,Clinton Oconnell,49,Pro
U310,William Johnston,52,Pro
U311,Steven Oconnor,69,Premium
U312,Emily Horn,35,Basic
U313,Raymond Simmons,34,Premium
U314,Jeremy Morrow,47,Pro
U315,Jason Garcia,43,Premium
U316,John Reed,63,Pro
U317,Tonya Mckee,43,Basic
U318,Katie Hess,25,Basic
U319,Thomas Obrien,51,Basic
U320,Justin Hudson,67,Pro
U321,Tyler Cox,46,Pro
U322,Corey Torres,52,Basic
U323,Caitlin Williams,60,Pro
U324,Ryan Harrison,39,Premium
U325,Jennifer Carr,37,Premium
U326,Robert Henderson,30,Basic
U327,Robin Tyler,68,Pro
U328,Brian Lara,45,Basic
U329,Charles Ryan,60,Premium
U330,Bryan Quinn,56,Pro
U331,Emily Patterson,64,Premium
U332,Karen Lynch,51,Premium
U333,Darryl Wilson,44,Basic
U334,Michael Foster,61,Pro
U335,Christopher Robinson,48,Basic
U336,Jonathan Edwards,43,Pro
U337,David Hebert,34,Premium
U338,Rodney Baker,43,Pro
U339,Michael Mitchell,48,Pro
U340,Laura Bush,67,Pro
U341,Raymond Garcia,28,Basic
U342,Madeline Burke,37,Basic
U343,Randy Cooke,49,Pro
U344,Reginald Dixon,30,Basic
U345,Bobby Salazar,41,Pro
U346,Michele Williams,41,Premium
U347,Gail Smith,36,Premium
U348,Mark Nichols,61,Premium
U349,Annette Bush,43,Premium
U350,Barbara King,19,Premium
U351,Gina Moore,54,Pro
U352,Edgar Henry,46,Pro
U353,David Miller,42,Basic
U354,Laura Jones,69,Premium
U355,Richard Coffey,20,Premium
U356,Bobby Fritz,61,Pro
U357,Kimberly Hernandez,29,Basic
U358,Matthew Lee,54,Pro
U359,Alejandro Carroll,68,Pro
U360,Jennifer Chen,47,Basic
U361,Edward Richmond,59,Premium
U362,Kayla Miller,70,Pro
U363,Colton Becker,32,Basic
U364,Tracy Richards,52,Basic
U365,Brian Murphy,51,Basic
U366,Brian Lewis,40,Premium
U367,Jessica Casey,38,Basic
U368,John Galvan,27,Basic
U369,Holly Farley,63,Basic
U370,Matthew Craig,64,Basic
U371,Steven Holloway,45,Premium
U372,Jamie Poole,61,Pro
U373,Stacie Walker,39,Premium
U374,Destiny Howard,41,Pro
U375,Deborah Campbell,46,Pro
U376,James Jackson,50,Pro
U377,Heather Simon,49,Premium
U378,Kristi Murray,51,Basic
U379,Michelle Castro,29,Premium
U380,John Joseph,36,Premium
U381,Jeffrey Montgomery,51,Pro
U382,Deborah Jackson,62,Basic
U383,Kimberly Jenkins,37,Basic
U384,Jesse Maldonado,19,Premium
U385,Rebecca Larson,36,Premium
U386,Jamie Rich,32,Pro
U387,Kevin Chase,46,Basic
U388,Meredith Simpson,44,Basic
U389,Andrew Davis,33,Pro
U390,Christine Lopez,27,Premium
U391,Chris Lewis,60,Basic
U392,Amanda Barber,34,Premium
U393,Natasha Pham,54,Premium
U394,Deborah White,44,Premium
U395,Bryan Williamson,41,Premium
U396,Katie Pearson,55,Premium
U397,Joshua Cervantes,33,Pro
U398,Diana Rodriguez,68,Pro
U399,Elijah James,65,Premium
U400,Susan Smith,35,Pro
U401,Robert Wright,37,Basic
U402,Thomas Hudson,25,Premium
U403,Sarah Mcgee,44,Pro
U404,Rebecca Jones,35,Premium
U405,David Chandler,49,Pro
U406,Ashley Herrera,46,Pro
U407,Deanna Wyatt,24,Premium
U408,Lucas Sanders,54,Basic
U409,James Miranda,70,Pro
U410,Kimberly Glover,51,Pro
U411,Anna Winters,22,Basic
U412,Michelle Moore,35,Premium
U413,Tiffany Brown,26,Pro
U414,Misty Odom,21,Basic
U415,Rebecca Smith,56,Premium
U416,Robert Morris,37,Pro
U417,Joseph Saunders,47,Premium
U418,Timothy Melendez,55,Pro
U419,Victoria Arias,34,Premium
U420,Bryan Castillo,62,Pro
U421,Renee Nelson,61,Pro
U422,Joseph Mcpherson,18,Basic
U423,Sara Perez,55,Pro
U424,Richard Cook,38,Premium
U425,Debra Torres,25,Premium
U426,Kim Henry,57,Premium
U427,Timothy Coleman,38,Premium
U428,Krista Morris,56,Pro
U429,Michael Schwartz,27,Premium
U430,Mr. Lance Thomas,27,Basic
U431,Amanda Ayers,63,Basic
U432,Michelle Long,70,Pro
U433,Amber Caldwell,33,Basic
U434,Connie Porter,37,Pro
U435,Timothy Chen,60,Pro
U436,Sarah Russell,59,Pro
U437,Ashley Hunter,37,Pro
U438,Crystal York,65,Pro
U439,Brian Anthony,49,Basic
U440,Rebecca James,22,Premium
U441,Michelle West,70,Premium
U442,Daniel Lawrence,69,Basic
U443,Thomas Nguyen,40,Basic
U444,Tonya Hernandez,45,Premium
U445,Kristina White,28,Basic
U446,Ryan Gallagher,37,Basic
U447,Lindsay Simpson,66,Pro
U448,Bonnie Bowers,53,Pro
U449,Sandra Fletcher,31,Pro
U450,Jeanne Conley,54,Premium
U451,David Ramsey,43,Premium
U452,Michael Wilkerson,38,Basic
U453,Christopher Pena,30,Premium
U454,Katherine Taylor,34,Pro
U455,Ann Martinez,19,Basic
U456,Robert Smith,63,Basic
U457,Emily Travis,26,Pro
U458,Melissa Lutz,47,Premium
U459,Donna Johnson,41,Premium
U460,Patricia Rogers,35,Premium
U461,Patricia Evans,46,Premium
U462,Olivia Anderson,64,Basic
U463,Mark Ellis,33,Basic
U464,Wayne Robinson,41,Premium
U465,Joshua Whitaker,18,Premium
U466,Vanessa Brooks,55,Basic
U467,Ashley Castillo,34,Pro
U468,Joshua Wilson,48,Premium
U469,William Stevens,44,Pro
U470,Brooke Garcia,43,Premium
U471,Erika Stokes,44,Premium
U472,Rachel Herman,32,Premium
U473,Emily Jackson,63,Pro
U474,Laura Booth,49,Premium
U475,Laura Reynolds,19,Premium
U476,Christine Mercer,37,Premium
U477,David Baker,62,Pro
U478,Robert Tate,57,Pro
U479,Nicholas Schmidt,66,Basic
U480,Matthew Cox,27,Premium
U481,Ryan Miller,39,Basic
U482,Andrew Smith,22,Premium
U483,Tanya Moses,59,Premium
U484,Robert Oneill,26,Pro
U485,Allison Thompson,42,Pro
U486,Brett Daniels,24,Premium
U487,John Kane,32,Basic
U488,Monica Smith,57,Pro
U489,Hannah Bradley,30,Pro
U490,Thomas Vasquez,57,Basic
U491,Michelle Jackson DDS,47,Premium
U492,Billy Brooks,62,Pro
U493,Amanda Garza,52,Pro
U494,Calvin Short,39,Pro
U495,Teresa Lee,48,Pro
U496,Brad Smith,69,Pro
U497,Taylor Kemp,20,Premium
U498,Kristy Warren,31,Basic
U499,Kimberly Little,57,Basic
